1;14spu8is2akeh0jo2b5u3csdd8gwqe5s;web;male;19;Arab;null;2018-08-06 06:30:46.823004;null
2;yau9xvasu828wvuqcrdw3ba61cglosz3;web;male;19;PK;null;2018-08-07 08:20:42.806926;null
3;l9g5rcqc3qp6g8pkbvrdtpjxdcz1fypr;web;female;26;AL;null;2018-08-07 08:40:52.400227;null
4;seewjni4s57bax6samaoloqz3y4t4j4e;web;male;26;AF;null;2018-08-07 08:57:11.780644;null
5;3962w8isgwxm7py3ewajxx6xe89sgaew;web;male;26;AX;null;2018-08-07 08:58:11.780081;null
6;idnzi29ccn1jycyq3ad6fhotqebeqxti;web;male;19;PK;null;2018-08-07 17:39:44.639747;null
7;a39z77g728j39ibpst15oez341qxr3yk;web;male;19;PK;null;2018-08-08 08:39:09.032306;null
8;gu6mr7omy3e3q398w8e90lst73xxp8il;web;male;56;PK;null;2018-08-10 02:02:21.629132;null
9;tjomhxv6lz79l6rdukrzf17etkaykm7g;web;male;19;PS;null;2018-08-10 02:11:47.883172;null
10;dmfdl7pl5c9e0k7xtzo2bypx5j51bzgk;web;male;26;EG;null;2018-08-10 06:12:39.213792;null
11;ahkqvgp9q8q1w90z6wv1ya7qzwrn6dbr;web;female;46;PK;null;2018-08-10 06:39:13.585745;null
12;ife7jelpl0kz2ecov90zoyc8k7bjcdvx;web;female;13;PK;null;2018-08-11 00:04:27.462400;null
13;4mjsdkw55ocaip1xq2nr15wyhaxe97xt;web;male;26;PS;null;2018-08-11 01:00:37.628445;null
14;kxsh56ob5raymkjsl1lp78lz1e41jl6b;web;male;19;EG;null;2018-08-12 16:49:35.034050;null
15;dtvgu7v8kuokmiu4sixhb2a4jq74gmaw;web;male;13;PK;null;2018-08-13 01:20:07.666889;null
16;7lvlwi4js6ls20yzoc118hc7fmoax3cu;web;male;19;SD;null;2018-08-13 01:27:10.532699;null
17;j8yii898x10znjc53gwydnn7riq8nkbh;web;Male;19-25;US;null;2018-08-14 05:30:34.641547;null
18;jcyybl3qgtrkqtfts518maa3mt808tor;web;Male;19-25;US;null;2018-08-14 05:33:03.316291;null
19;hwh5xy6j1qwxakzy6aa3gsrtjq7gaxf7;web;Male;19-25;US;null;2018-08-14 05:45:15.233177;null
20;h3yfpi2wnpiaj7t0j1gpoiqbyq25h9ve;web;Male;19-25;US;null;2018-08-14 06:04:32.175498;null
21;h3yfpi2wnpiaj7t0j1gpoiqbyq25h9ve;web;Male;19-25;US;null;2018-08-14 06:04:37.912853;null
22;3q5ozrhwcsml8gj2lwlqogf6r20bnpb8;web;male;26;PK;null;2018-08-14 23:04:24.013926;null
23;a0yonk35h15vu41ivmfg6vqvvi6oo4yh;web;male;13;PK;null;2018-08-19 20:51:45.347878;null
24;5c7keux813ywvu2o155mb8s5imlwlh24;web;male;19;PK;null;2018-08-22 04:29:38.979437;null
25;87fevl0kbo20qhxj8dyeqrqidmzpllr1;web;male;19;AX;null;2018-08-22 05:01:28.249296;null
26;bov57j9s1lfgzazap696ewxz388dg066;web;male;13;AF;null;2018-08-22 05:07:51.559447;null
27;v7yxt2xrpi9zyfr9fc1p4mkimj3ap7di;web;female;19;AX;null;2018-08-22 05:10:58.938711;null
28;ueu3l4xczgby4x6rkf92kf69rjefln8i;web;Male;19-25;US;null;2018-08-22 11:02:27.101933;null
29;skfw0fn9ocd4uv7ldtxpdw6iojl1yw3p;web;male;19;AF;null;2018-08-22 17:45:37.507190;null
30;1aptnrobxvikm0gnv224o3cpieqeumul;web;Female;46-55;BT;null;2018-08-22 19:30:18.816018;null
31;7x77tkt4kyssnyezbyglp0ybt5t3slty;web;Male;19-25;US;null;2018-08-22 20:58:08.469605;null
32;vt5vfkp6cacr4khmrxdlhh5wq1jtfvm3;web;female;13;AF;null;2018-08-22 22:15:46.450710;null
33;m6eti9t9us8uvw5ccsp5y3i0z29d1tou;web;male;13;AX;null;2018-08-23 04:01:05.668498;null
34;ife7jelpl0kz2ecov90zoyc8k7bjcdvx;web;female;13;EG;null;2018-08-23 04:22:36.332129;null
35;dvwv05wffd6l9ld30cs3tl4603ejvy7b;web;Female;26-35;EG;null;2018-08-23 09:53:11.318587;null
36;jd11yxj3succ1d6ck852a3gnzooewygh;web;Female;26-35;BR;null;2018-08-23 10:02:03.064024;null
37;j1711dt3aswihur92m4lvj63qws7jgj5;web;Male;19-25;US;null;2018-08-23 19:12:08.668685;null
38;by7phb9bii42165oi56zwcoq2ua51q52;web;Male;19-25;US;null;2018-08-23 19:23:05.670079;null
39;1shvf2gzejqu831ye8oe7k1gnoq4lygg;web;Male;19-25;US;null;2018-08-23 19:30:27.729291;null
40;v0m0xqdicea5so8avxav6t84mtesydfn;web;Male;19-25;US;null;2018-08-23 19:36:33.683683;null
41;ktkqtq8x33uy9hnuru4me1zo89j7amcg;web;Male;19-25;US;null;2018-08-23 22:03:58.947506;null
42;bpmdwx8fbkd7lrfinsjosdsa89hgkuem;web;Male;13-18;BR;null;2018-08-24 04:57:33.116582;null
43;8zxzgplk5rjdbzjxnen1l0sbtjxan0we;web;Male;19-25;DZ;null;2018-08-24 05:01:03.031308;null
44;kyfoeguwlolkeik6dnr063uwg6c0gwij;web;male;13;AF;null;2018-08-24 05:41:42.853483;null
45;4g1ufgkazb28pazvccbmv806xz7ighuz;web;Male;19-25;US;null;2018-08-24 06:45:17.982805;null
46;0q7eoliv3dgmc4bh1278bs9ttqhxz3bk;web;Female;36-45;EG;null;2018-08-24 11:00:19.824249;null
47;5c7keux813ywvu2o155mb8s5imlwlh24;web;female;13;AF;null;2018-08-26 07:24:37.791234;null
48;yfjbwvjqxqg5f439tc3l0aaci05rotu1;web;male;19;SD;null;2018-08-26 07:45:48.481818;null
49;i2ajgde3mfu6xdj8nv2i1s556o4ht28a;web;male;19;AX;null;2018-08-26 07:53:55.064728;null
50;7m3o9055s4tm3n5ylkxbord839zj4g3h;web;Male;19-25;US;null;2018-08-28 15:47:57.335229;null
51;7m3o9055s4tm3n5ylkxbord839zj4g3h;web;Male;19-25;US;null;2018-08-28 15:48:12.469836;null
52;7m3o9055s4tm3n5ylkxbord839zj4g3h;web;Male;19-25;US;null;2018-08-28 15:48:14.012131;null
53;vwpz6fhnuof21mnn8m73730i7u592im0;web;Male;19-25;US;null;2018-08-29 07:40:14.181666;null
54;mvdu5xnhwf6ixb28zzcm1n3n72gpt44w;web;male;26;PK;null;2018-08-29 12:01:24.790136;null
55;spavoqu41ydfozilafmei4j33lc9ne09;web;female;46;PK;null;2018-08-29 13:06:59.754475;null
56;wtni7jj0q3s2bse1cjmigbrg3vcpcsza;web;male;19;PK;null;2018-08-29 20:56:11.976635;null
57;jdzf6d9nvxy56i03usmzsmyiwefyjm55;web;Female;19-25;PK;null;2018-08-29 21:55:32.546465;null
58;zdmkdsk9dc7b2vdy9guznxhzia3ml4fs;web;female;19;PK;null;2018-08-29 22:07:49.388376;null
59;xgh0ob831hf6bxdc9n0ar8ajpjpwzk5q;web;Male;19-25;US;null;2018-08-29 22:45:05.786126;null
60;xksf43y3ckykbelgu2j87867s0kbqzfy;web;female;19;PK;null;2018-08-29 23:51:17.294037;null
61;cm0a1xm9dtjrd27wtcur6vy3cm5ovwbv;web;male;19;US;null;2018-08-30 03:39:51.440044;null
62;nf9mti5kirqrlzj8wuopepj8i8tmift1;web;male;19;OM;null;2018-08-30 03:46:16.500247;null
63;ngfu4yfveo2axwxvzsu300kbxl0fcflu;web;male;26;EG;null;2018-08-30 04:47:57.789014;null
64;ql396jilwpjslkzmzz56c305i2j0ehmh;web;male;19;EG;null;2018-08-30 04:53:50.594129;null
65;js5u7dcvj926e6f95pviovm2zd55azun;web;male;26;EG;null;2018-08-30 05:06:17.256478;null
66;0sfn0slh3z50eokbd4bx14e7rjqhfn8b;web;male;26;IN;null;2018-08-30 06:12:38.476365;null
67;uv3zrd9gao50dpszz500bki7frt8ncho;web;male;26;NG;null;2018-08-30 06:36:21.573753;null
68;b3jj3opqjscvtfq9xx1nh3kzf3izmjpr;web;male;46;EG;null;2018-08-30 06:39:37.931118;null
69;4pwr9hvezd8jzlmq0pxlj17m92s83ktc;web;male;19;GN;null;2018-08-30 07:03:42.444580;null
70;eyuzngiopp594ci7oe8lamoaz2xkbssa;web;male;36;SD;null;2018-08-30 07:26:32.558057;null
71;244mj8kd79klvguv0va7ve12lhayvawx;web;male;26;EG;null;2018-08-30 07:47:04.140843;null
72;wudcje72qkd84vuzkvbu9yz65st28ji9;web;male;26;KZ;null;2018-08-30 07:58:20.106742;null
73;ivdtrigsuf6wpgfgwjkveat2onaqf80a;web;male;19;EG;null;2018-08-30 08:28:55.304184;null
74;d1m9tlpw9nkrxu4a3drjpfhwjtpq1xau;web;male;26;EG;null;2018-08-30 08:32:20.572949;null
75;wemtgw7iq6hr91odump7cq7usquoaqpg;web;male;26;KE;null;2018-08-30 08:41:54.659926;null
76;5qrr2bfxdtav3xdpl7ymx7waqocfyom8;web;female;26;EG;null;2018-08-30 09:00:22.876172;null
77;g8ts64kd40vd47ev9jpj8npckgfz5swm;web;male;19;EG;null;2018-08-30 09:30:58.255706;null
78;4spi4d1jrt158k3uem6bp8e0f3aouag1;web;male;19;EG;null;2018-08-30 09:42:28.548036;null
79;k3w50sfmd9duzp5n6uznqwlskw5shwrq;web;male;46;EG;null;2018-08-30 09:57:10.569729;null
80;4tbynzb19zuznk5vgmtvyc7ql7vrzi42;web;male;19;EG;null;2018-08-30 10:52:54.429171;null
81;cd93gopx10cue8o4dgmug2d2fs8vhvaf;web;male;26;IN;null;2018-08-30 11:00:06.094621;null
82;tncvg0fx7zggkpur9rni4rt41w3x5468;web;male;19;EG;null;2018-08-30 11:11:39.688420;null
83;w0fkxqdnekyo35n5f78b7angsntujc24;web;male;19;TN;null;2018-08-30 11:36:53.452049;null
84;w0fkxqdnekyo35n5f78b7angsntujc24;web;male;19;TN;null;2018-08-30 11:40:19.378882;null
85;avls83gswen96of6u9761mypocbe7szq;web;female;19;EG;null;2018-08-30 11:58:26.092837;null
86;9947l1w7v58iazu4bl4diyw63ua4txp2;web;male;26;EG;null;2018-08-30 12:25:15.097230;null
87;7yhros7kczn5b7yidqb3c3mwtt9besoc;web;male;26;EG;null;2018-08-30 12:43:29.971038;null
88;9gn4281bn0n5apjdvazq9whll350jw8b;web;female;26;EG;null;2018-08-30 12:58:55.154226;null
89;u089t1yzz9z3j28quncr6dcc7p9747nj;web;female;19;EG;null;2018-08-30 13:09:08.673319;null
90;toazeep77fnulnfpyor10o1hw4beze93;web;male;19;EG;null;2018-08-30 13:28:53.496257;null
91;fw40us5ycsm46nz2jcvjwatcrugvkibz;web;male;26;SA;null;2018-08-30 13:44:53.202146;null
92;b4j2m41n6v24fz7hwp7og6zqti3kzm10;web;male;26;PK;null;2018-08-30 14:03:41.310319;null
93;82xhlkfj2ci1dt792b05tf8rvc0krysn;web;male;36;US;null;2018-08-30 14:05:40.013730;null
94;wbqsynyqiecvkp7h4tad3sdyvr92oouk;web;male;19;IN;null;2018-08-30 14:24:26.419374;null
95;xgt5d2dxqpefqwnu414o927zc3m61jki;web;male;19;EG;null;2018-08-30 14:28:50.267494;null
96;c7vz8unxm1npr1htsl1o3xhpnpn9oz3z;web;male;19;EG;null;2018-08-30 14:57:37.812916;null
97;5ds1jfqy5mynbqn3cdgq0enkgvivqoai;web;Female;19-25;EG;null;2018-08-30 15:11:13.376048;null
98;5ds1jfqy5mynbqn3cdgq0enkgvivqoai;web;Female;19-25;EG;null;2018-08-30 15:11:14.337832;null
99;ooleyb47injjb9daafol88mvqocldhi6;web;male;36;EG;null;2018-08-30 15:13:41.746531;null
100;ml7ysuuz9c6b4e5tldtkfu4wxhhneapo;web;female;26;EG;null;2018-08-30 15:22:27.039471;null
101;85rar1vfpx5dfbkck5bdqfykquumweix;web;male;26;EG;null;2018-08-30 15:29:02.741020;null
102;p2z3omqu13lmiyilqb3d2w0pd22e92x6;web;Female;26-35;EG;null;2018-08-30 15:44:36.965542;null
103;p2z3omqu13lmiyilqb3d2w0pd22e92x6;web;Female;26-35;EG;null;2018-08-30 15:44:38.836687;null
104;1wjrlwr20yvw3t2gfacqzmrqwml4bewy;web;male;36;IN;null;2018-08-30 15:49:16.259869;null
105;vhxl8atzjn20graoy1bjih7p4p2es3iz;web;male;19;EG;null;2018-08-30 16:03:16.443013;null
106;p27hf4apknq2soxldarbpb97mz9yk9q0;web;male;36;EG;null;2018-08-30 16:21:16.513286;null
107;mfp8aqfrklpnlf0tav8opnrokgeweh2m;web;Male;19-25;PK;null;2018-08-30 16:59:16.881479;null
108;f4pp3w73y16dew27mk74vs5lbuhm8ual;web;male;26;EG;null;2018-08-30 17:00:55.924066;null
109;uobrcvhpkz1avdb1c22zgg8pn3bvzpq7;web;male;26;PK;null;2018-08-30 17:10:17.501222;null
110;95ekgo59r0m5xlgelmm7ohsn9b8miquk;web;male;26;PK;null;2018-08-30 17:12:38.293361;null
111;z02takfb5i0a5dbguieg0riu2xbz7ivw;web;female;19;EG;null;2018-08-30 17:18:10.443434;null
112;97l3owwnxd63qpuqcvwvgmkpc0bzgxi5;web;female;26;EG;null;2018-08-30 17:28:01.894598;null
113;ixrwbfkb86f39ywyplmxtofa8ycs575j;web;female;26;US;null;2018-08-30 17:31:30.016994;null
114;dbq9f6u8bm94aotsrotaz5qemauhrmo0;web;female;26;EG;null;2018-08-30 17:41:49.819656;null
115;42c3p2h1dwdf0qmxty1p0rltrehg70k8;web;female;26;EG;null;2018-08-30 17:47:52.501134;null
116;s8w7l9yggbyl8oxek3tn76s957pc6fvn;web;Male;26-35;EG;null;2018-08-30 17:53:23.134537;null
117;ptf75b4dumam5zs1pvjwqidu1nk4vpjf;web;male;26;EG;null;2018-08-30 17:59:34.376354;null
118;clmwl0aw7naxjlcyfsqk8tvy9cwftds7;web;female;13;SY;null;2018-08-30 18:14:34.617290;null
119;gtu4l2cpwu6za4idhc529uh7rveigkft;web;female;36;IN;null;2018-08-30 18:26:31.144150;null
120;c6rgj5e3ty3n82qodtglbopjmqwz7q55;web;male;26;EG;null;2018-08-30 19:13:30.846822;null
121;pi2jmoq7icp9cufph3r532aw0zxxm210;web;male;26;EG;null;2018-08-30 19:57:51.384666;null
122;bfwfr92w10vy5t7fkza8mag9buw3s4kt;web;female;19;DZ;null;2018-08-30 20:32:29.538101;null
123;mwgvktvm4m8oly6322x5y4s9w0q5th5i;web;female;19;DZ;null;2018-08-30 20:35:04.962594;null
124;o6gqd6ucx67b3fig2qxqtorununkm704;web;Male;19-25;EG;null;2018-08-30 20:46:56.661464;null
125;o6gqd6ucx67b3fig2qxqtorununkm704;web;Male;26-35;EG;null;2018-08-30 20:47:03.733389;null
126;zh7xhglembhc0bfpw7i64act4e8n0g2e;web;male;26;EG;null;2018-08-30 20:49:42.034460;null
127;1etajs1gui4p9td4e7twyfoh0r4l7quy;web;male;26;PK;null;2018-08-30 20:58:59.713656;null
128;ixrwbfkb86f39ywyplmxtofa8ycs575j;web;female;26;US;null;2018-08-30 22:56:27.286672;null
129;vp5bdemqkt1yry9taw3tbsn7rvreo7w1;web;male;19;SA;null;2018-08-30 23:37:00.890559;null
130;f6vk7oadj4mio04vxc3xxc5g7edxjpqq;web;male;26;PK;null;2018-08-31 00:36:42.397131;null
131;rsiyc0obchon0m38qe66v3t8smdk60tt;web;female;19;SD;null;2018-08-31 00:50:19.963680;null
132;77lmsxcg41h99vyz83uasc8zb62isigt;web;male;26;EG;null;2018-08-31 01:30:12.058192;null
133;lqf2d9nngzkjhmpu42julnygxnz7cd2u;web;male;19;US;null;2018-08-31 01:38:43.014719;null
134;oubncnxt3k1t4ti1xp8mlvtow8g44dgq;web;female;19;IN;null;2018-08-31 01:41:48.235949;null
135;3xmut9cch6q9txtocw1r8y0irkudrxlq;web;Male;19-25;US;null;2018-08-31 01:46:12.556417;null
136;l0o45f2c3magyem91ngngpoopqrfwint;web;male;19;US;null;2018-08-31 01:48:43.413225;null
137;srwiet5vutoq7yzpg1dnhtkea4fil748;web;male;26;EG;null;2018-08-31 03:06:10.903614;null
138;iy201ld3c45wkecu78a66dvzt3bgr0q7;web;female;26;US;null;2018-08-31 03:12:20.208988;null
139;y93lw8ync26q0vzc75m90o464hbezxkn;web;male;26;PK;null;2018-08-31 03:20:38.900141;null
140;no52qewlqkgs4ucp7u0mf2z27hnsh6au;web;male;36;IN;null;2018-08-31 03:43:41.113846;null
141;m1h6fr7k47sr2cg6wfwmckiob6i0gayv;web;male;26;PK;null;2018-08-31 04:11:54.097528;null
142;sx28mzpyneps1b7kxco5b6d5cafns30l;web;male;13;PK;null;2018-08-31 08:50:34.090311;null
143;2fxooshlwaa6x49qazt4whetvls4cl9q;web;male;36;BD;null;2018-08-31 10:48:59.466514;null
144;brgz4vs0aq6wybtvf6xmmaao8gfpw6xk;web;male;26;PK;null;2018-08-31 11:01:45.413315;null
145;f9l6k2j80bw50p4n22i81lcwx9nowgme;web;male;26;EG;null;2018-08-31 11:40:23.665506;null
146;3rtdvid03rjbo6qqhxru3na550l1krnk;web;male;26;EG;null;2018-08-31 13:07:02.931996;null
147;spavoqu41ydfozilafmei4j33lc9ne09;web;female;46;PK;null;2018-08-31 13:12:30.419307;null
148;mmh2ai9wu1l38ydywa21b5cyhr1rc1h6;web;male;19;EG;null;2018-08-31 13:13:25.266724;null
149;5ev2sfqvjcdwx6oaixfzd6jvit7ql3ax;web;female;19;EG;null;2018-08-31 14:23:55.657493;null
150;5ev2sfqvjcdwx6oaixfzd6jvit7ql3ax;web;female;19;EG;null;2018-08-31 14:28:14.294312;null
151;9tpva8fy7uy9vwppvyfosaekhz6ep35j;web;male;26;SA;null;2018-08-31 15:23:53.278962;null
152;v1gp27v2huange21zq459fnqxtqdu8eq;web;male;26;EG;null;2018-08-31 15:46:27.766472;null
153;vkfbgm82ipxn7d35j1d72wq1pqq5mxbx;web;female;19;EG;null;2018-08-31 17:03:56.040848;null
154;umygrv8t865dj46hwyyjtaj8e1mhvmm8;web;male;26;PK;null;2018-08-31 18:51:15.555129;null
155;a0vjucktv1s9xypxhk48w72mcmtvqs1h;web;female;19;PS;null;2018-08-31 19:33:03.487467;null
156;0iao21215yum3oyyerd7p7tfk1kincn1;web;female;19;EG;null;2018-08-31 19:50:30.274865;null
157;g61g4q2ude90o25dpi4xvz79w5nxhd3q;web;male;26;EG;null;2018-08-31 20:25:51.153212;null
158;y31ygrhz80lgv6ye0bdwodgin9wbnr56;web;Male;19-25;SY;null;2018-08-31 21:00:37.186298;null
159;8xdmd9v5a3c643l9fexe8vq8gexngl8a;web;Male;19-25;SY;null;2018-08-31 21:05:36.349144;null
160;jpk7yvk2rb3r8nbcm3fgw84t2u582e1t;web;male;19;EG;null;2018-08-31 23:59:45.262257;null
161;ksbb70d62cyhrt3qftk4pamghipy2bux;web;male;26;SA;null;2018-09-01 00:33:50.555071;null
162;71yl3ca4b7fnowjbdsx3uql7kry6rxyn;web;Male;19-25;US;null;2018-09-01 14:34:21.992744;null
163;1wayq3h4atdgbp56ynpab3dl93x9cnmf;web;male;19;MA;null;2018-09-01 18:13:43.993011;null
164;x3hwlluk1tivmczvtaxnmbrdpb6kbs63;web;male;19;SY;null;2018-09-01 18:46:58.666036;null
165;0nxrs1x32b98rg9xlfvcy8wvqfsdrngj;web;male;26;LY;null;2018-09-01 19:44:34.403527;null
166;923tjlopgtb655aeju2qkkte7nfr7b03;web;male;26;EG;null;2018-09-01 23:32:59.522913;null
167;awla1lz6j9qil22fj6czcpmhjo2b3gxi;web;male;26;PS;null;2018-09-02 00:51:13.847178;null
168;rnrs2w5wcx0nak7hqlgf54mu5mvjiq4a;web;Male;13-18;US;null;2018-09-02 03:19:02.373224;null
169;3t3uwzmtcfasmtijh9kx8gkb6gbts73z;web;male;19;EG;null;2018-09-02 06:54:31.810143;null
170;3t3uwzmtcfasmtijh9kx8gkb6gbts73z;web;male;19;EG;null;2018-09-02 06:54:54.821903;null
171;3t3uwzmtcfasmtijh9kx8gkb6gbts73z;web;male;19;EG;null;2018-09-02 06:54:59.459585;null
172;8z81v7jusn6lt0xdkin35jrc33diqdgx;web;male;19;TR;null;2018-09-02 08:30:23.114567;null
173;882fpbdell8xtz1u2t61kvlbtppjwos6;web;male;26;EG;null;2018-09-02 12:09:03.825137;null
174;dssajle0yd2j9wu8et9zpgw17dxom0hs;web;male;19;EG;null;2018-09-02 14:53:07.095557;null
175;hehs1zorr4sxp63sw7hp17b97q9ws3e0;web;Male;19-25;US;null;2018-09-02 20:22:01.452099;null
176;qeoleoir9x4sg2lj6cl3dylumutpmtpa;web;male;19;EG;null;2018-09-03 00:37:57.047125;null
177;ccglrz290bhofqcjm5aq6igxhu5z0fm2;web;Male;26-35;EG;null;2018-09-03 01:10:08.761752;null
178;cl43uyhj1p6tjacx7brbs1mtzvz9g56o;web;male;26;EG;null;2018-09-03 01:18:28.068262;null
179;rb2r1drrrzfov9ohtoj7gjmq6n3lofho;web;male;19;NG;null;2018-09-03 05:02:41.728839;null
180;cxcrp3emyvdyftm7xpgiu8njlxljp0x5;web;male;26;EG;null;2018-09-03 05:48:22.702883;null
181;cxcrp3emyvdyftm7xpgiu8njlxljp0x5;web;male;26;EG;null;2018-09-03 05:55:15.111367;null
182;x86vijv6c3t4j1n6h0t3pw9xcge7qm7e;web;male;19;PS;null;2018-09-03 06:01:16.966276;null
183;x86vijv6c3t4j1n6h0t3pw9xcge7qm7e;web;male;19;PS;null;2018-09-03 06:32:19.354385;null
184;7u54mz5k327aebau4zlg2gzyq4afo1bu;web;Female;19-25;SL;null;2018-09-03 10:13:13.477425;null
185;lkja55p50inzgrjomyjxkkw7jfpeols4;web;Female;19-25;SL;null;2018-09-03 10:17:13.184115;null
186;s85f7hztzap6u296eahx9o9w8e762qqt;web;Female;19-25;SL;null;2018-09-03 10:19:09.686498;null
187;acck3xwyequf84o0low2l62cj2k7m2e4;web;Male;19-25;US;null;2018-09-03 10:19:11.488365;null
188;tkz7rxtpkawc1cljiy7wb4la4d7blg3n;web;male;19;EG;null;2018-09-03 11:49:55.732091;null
189;zxznnfaaj4p7nvpafet0fv5qkhmofyle;web;male;19;EG;null;2018-09-03 19:18:48.940274;null
190;kcuh6dwhyidlyiqyjdlr6trpa56yl6ms;web;male;26;AE;null;2018-09-03 20:06:44.628013;null
191;o2a92bdloszndof3ab2hqvw3u4vado6d;web;male;19;EG;null;2018-09-03 23:18:08.358659;null
192;5z3jgaah6pnj43shgqouz72mcchf5euq;web;male;26;EG;null;2018-09-04 00:26:44.042922;null
193;6jkcnwfu22va1p0lwfvv66g0gkcp3ucw;web;Male;19-25;US;null;2018-09-04 03:42:44.727057;null
194;6jkcnwfu22va1p0lwfvv66g0gkcp3ucw;web;Male;19-25;EG;null;2018-09-04 03:42:54.943901;null
195;970i9m3s3k9f38o56o136yqwcw6uzs2q;web;male;26;EG;null;2018-09-04 06:14:31.346787;null
196;pp7n9sd37p82v9tg0yjk8pzrip1lmllx;web;male;26;EG;null;2018-09-04 07:39:00.354512;null
197;ukwrsoiknv8bl2ne46i4echtemt4q8rd;web;female;19;SA;null;2018-09-04 07:43:50.993953;null
198;51qgaz6m0adk504pzhirhoxcvmytt0pr;web;male;26;EG;null;2018-09-04 18:24:36.007442;null
199;07can863m0bxrvq8b6k31fu64tks8e8k;web;male;19;SD;null;2018-09-04 18:32:19.762309;null
200;po583jfgza75gky4rdxzg6lnjjuignko;web;male;26;PK;null;2018-09-05 02:47:22.556599;null
201;po583jfgza75gky4rdxzg6lnjjuignko;web;male;26;PK;null;2018-09-05 02:47:58.067479;null
202;nu325vwj1682i5mdbfwvnnp7zqvchoam;web;Male;13-18;US;null;2018-09-05 17:40:22.930100;null
203;l0zv1zqlkt4apoaijhrkjx8zqfsdradb;web;male;26;EG;null;2018-09-06 13:30:36.406335;Hafs
204;ktvo7anj3oo2prnwoksfy3senmu1yq16;web;male;19;PS;null;2018-09-06 16:41:22.976882;Hafs
205;3oe39hc8aj7c1w1lofyrlou5avdbtxtq;web;male;19;LB;null;2018-09-06 21:52:47.747968;Hafs
206;qbxs4dbc3yiydq9zro9r9yk03r8x8wsz;web;female;19;EG;null;2018-09-06 22:29:09.852828;Hafs
207;iiu3c6bfjuz8q6zple8dm16gig2fpcmw;web;male;26;EG;null;2018-09-07 17:00:24.426319;Hafs
208;uu3vplwdzvcw6yk74inqtrnfvsiyaetf;web;male;19;EG;null;2018-09-09 04:31:37.599996;Hafs
209;gn9oui8t0fthrvde6e9gmkhe6ebkhk03;web;male;26;EG;null;2018-09-09 09:03:33.735557;Hafs
210;58i1q9q8mrbhbyrdk0m7k0s2w90zkxon;web;male;19;EG;null;2018-09-09 09:34:24.527492;notsure
211;izxh1a2mtnsz2fc4afxza8c55x4jurml;web;male;26;EG;null;2018-09-09 12:09:10.944064;Hafs
212;mhcz3qcn80zremcrrm9wmmo1hw7poxld;web;Male;19-25;US;null;2018-09-09 17:26:54.710412;Hafs
213;mhcz3qcn80zremcrrm9wmmo1hw7poxld;web;Male;19-25;US;null;2018-09-09 17:35:10.746052;Hafs
214;mhcz3qcn80zremcrrm9wmmo1hw7poxld;web;Male;19-25;US;null;2018-09-09 17:38:35.350018;Hafs
215;y8vwnwcwv83of10tl0hcgifxm4mul916;web;Male;19-25;US;null;2018-09-09 17:52:55.922166;Hafs
216;y8vwnwcwv83of10tl0hcgifxm4mul916;web;Male;19-25;US;null;2018-09-09 17:59:40.073249;Hafs
217;y8vwnwcwv83of10tl0hcgifxm4mul916;web;Male;19-25;US;null;2018-09-09 18:00:53.922086;Hafs
218;y8vwnwcwv83of10tl0hcgifxm4mul916;web;Male;19-25;US;null;2018-09-09 18:12:46.322931;Hafs
219;y8vwnwcwv83of10tl0hcgifxm4mul916;web;Male;19-25;US;null;2018-09-09 18:17:08.330520;Hafs
220;y8vwnwcwv83of10tl0hcgifxm4mul916;web;Male;19-25;US;null;2018-09-09 18:21:05.346352;Hafs
221;y8vwnwcwv83of10tl0hcgifxm4mul916;web;Male;19-25;US;null;2018-09-09 19:00:40.044111;Hafs
222;570i8w2wmyaw2tnma1qclb2zjau8q5ek;web;Male;19-25;US;null;2018-09-09 19:18:14.454422;Hafs
223;570i8w2wmyaw2tnma1qclb2zjau8q5ek;web;Male;19-25;US;null;2018-09-09 19:21:51.732174;Hafs
224;570i8w2wmyaw2tnma1qclb2zjau8q5ek;web;Male;19-25;US;null;2018-09-09 19:22:24.669943;Hafs
225;t974m14ifdssckv0z9rge9rwwvyqqps1;web;male;19;EG;null;2018-09-09 22:06:13.212693;Hafs
226;imxzv72kpcowybh78s9i64frn6av1cfm;web;male;19;EG;null;2018-09-09 22:22:00.561474;Hafs
227;imxzv72kpcowybh78s9i64frn6av1cfm;web;male;19;EG;null;2018-09-09 22:27:36.969043;Hafs
228;lmvlznas90twfcdhmrcwskn99gs2x4qs;web;Male;26-35;EG;null;2018-09-09 23:17:06.165660;Hafs
229;exf1beh2dwvzepon7x9xwxpp909mcgq3;web;male;19;EG;null;2018-09-10 12:11:08.528208;Hafs
230;isvv7j6dx49mi9rljsrzi4x83vsctuho;web;male;13-18;GB;null;2018-09-10 15:44:01.782661;Hafs
231;b0arwfrb5qc3x588zizjbtazqi0zd3vq;web;male;19;EG;null;2018-09-10 17:31:21.538778;Hafs
232;96tbfese06tpurld393festrd9piorl2;web;male;26;PK;null;2018-09-11 03:35:21.704382;notsure
233;igm25vkfmupi4by2kje2zh2405q4t90r;web;male;26;EG;null;2018-09-11 03:59:15.994434;Hafs
234;1ws24ae6gwr0ese8pko0w6z2p476whux;web;ذكر;36-45;EG;null;2018-09-11 20:34:11.019924;حفص
235;4kpktvb7s3dqxuvqqow6apw297gmyj0r;web;female;26-35;PK;null;2018-09-15 19:14:50.411591;other
236;3e20b0ltlhzq5utikvkfk3wugj1ajxsr;web;Male;19-25;US;null;2018-09-16 00:56:11.934837;Hafs
237;onelagw1v5q4aif97g889f1rz4jkmkn1;web;Male;19-25;US;null;2018-09-16 00:59:07.443556;Hafs
238;gp6db2ct189auafhrgvtlhoy0bvkwa4s;web;male;13-18;SY;null;2018-09-16 01:04:06.735790;Hafs
239;xhligg8kggg4ec2v7a3gy912uphihu7m;web;male;19;EG;null;2018-09-16 06:48:10.571405;Hafs
240;5hl1jt9tke6cyh9rn0cov590luqxp566;web;male;19;PK;null;2018-09-16 09:24:38.529843;Hafs
241;0vyr75ihu90qrmxlrdq1ppy810v76hw2;web;male;19;PK;null;2018-09-16 18:04:15.176118;Hafs
242;1rumzyxsnwjattq72b74975u287pj960;web;male;19;SY;null;2018-09-16 22:50:55.908303;Hafs
243;3vwhot1m2xnobdpdgclw2phltobc956x;web;male;19;EG;null;2018-09-17 23:23:55.994754;Hafs
244;hekw2jnyz3or6z199axvhih9nkey5r5y;web;male;19;EG;null;2018-09-18 05:30:00.833016;hafs
245;xd4vdzoy5bay20x8tgmzlyy73nstu0gv;web;Male;26-35;CM;null;2018-09-18 07:51:32.439164;Hafs
246;xjqgppivlh25ncie4iua8zmarv7kq3qq;web;Male;26-35;CM;null;2018-09-18 07:52:57.441177;Hafs
247;7srw48wbfq273bbqer06ebpjae9xt12c;web;Male;26-35;CM;null;2018-09-18 08:02:34.032408;Hafs
248;euu7co4swpn5m19ufr2jka79ram8mh6i;web;Male;26-35;CM;null;2018-09-18 08:14:36.913354;Hafs
249;euu7co4swpn5m19ufr2jka79ram8mh6i;web;Male;26-35;CM;null;2018-09-18 08:15:24.346045;Hafs
250;0osq5mt3pn32zkvj0ga0868kq72tcs7o;web;male;19;EG;null;2018-09-19 14:28:08.170518;Hafs
251;h0zc7oc2tppq8b2o3vqpqao81pp9aafs;web;male;19;EG;null;2018-09-20 00:59:16.416278;hafs
252;yops9k1ghpwcgjangd1d95ff2alwvhj6;web;male;19;EG;null;2018-09-22 13:37:37.035935;notsure
253;yops9k1ghpwcgjangd1d95ff2alwvhj6;web;male;19;EG;null;2018-09-22 13:51:36.442570;notsure
254;au3ecokfxk2zg14wjs1phoi56jfxn7qo;web;male;36;EG;null;2018-09-22 15:55:25.167475;hafs
